algorithm,size,seconds,speedup
radix_sort_tbb,1048576,0.00481,3.224
gpu_radix_sort_opt_2,1048576,0.01364,1.137
bitonic_sort,1048576,0.00052,29.595
thrust_sort,1048576,0.00037,41.806
radix_sort_tbb,1048576,0.00138,5.070
gpu_radix_sort_opt_2,1048576,0.01227,0.570
bitonic_sort,1048576,0.00052,13.525
thrust_sort,1048576,0.00026,26.464
radix_sort_tbb,1048576,0.00144,3.952
gpu_radix_sort_opt_2,1048576,0.01225,0.465
bitonic_sort,1048576,0.00052,11.012
thrust_sort,1048576,0.00029,19.499
radix_sort_tbb,1048576,0.00152,3.608
gpu_radix_sort_opt_2,1048576,0.01226,0.448
bitonic_sort,1048576,0.00052,10.616
thrust_sort,1048576,0.00027,20.578
radix_sort_tbb,1048576,0.00140,3.952
gpu_radix_sort_opt_2,1048576,0.01227,0.452
bitonic_sort,1048576,0.00052,10.747
thrust_sort,1048576,0.00028,20.101
radix_sort_tbb,1048576,0.00138,4.014
gpu_radix_sort_opt_2,1048576,0.01228,0.452
bitonic_sort,1048576,0.00051,10.779
thrust_sort,1048576,0.00026,21.361
radix_sort_tbb,1048576,0.00143,3.908
gpu_radix_sort_opt_2,1048576,0.01226,0.457
bitonic_sort,1048576,0.00052,10.862
thrust_sort,1048576,0.00026,21.466
radix_sort_tbb,1048576,0.00139,3.971
gpu_radix_sort_opt_2,1048576,0.01227,0.451
bitonic_sort,1048576,0.00052,10.720
thrust_sort,1048576,0.00026,21.033
radix_sort_tbb,1048576,0.00136,3.987
gpu_radix_sort_opt_2,1048576,0.01225,0.443
bitonic_sort,1048576,0.00052,10.483
thrust_sort,1048576,0.00027,20.266
radix_sort_tbb,1048576,0.00139,4.016
gpu_radix_sort_opt_2,1048576,0.01229,0.454
bitonic_sort,1048576,0.00052,10.797
thrust_sort,1048576,0.00026,21.584
radix_sort_tbb,1048576,0.00146,3.764
gpu_radix_sort_opt_2,1048576,0.01226,0.449
bitonic_sort,1048576,0.00052,10.642
thrust_sort,1048576,0.00026,21.235
radix_sort_tbb,1048576,0.00144,5.053
gpu_radix_sort_opt_2,1048576,0.01230,0.593
bitonic_sort,1048576,0.00052,14.081
thrust_sort,1048576,0.00028,26.152
radix_sort_tbb,1048576,0.00142,3.912
gpu_radix_sort_opt_2,1048576,0.01227,0.451
bitonic_sort,1048576,0.00052,10.711
thrust_sort,1048576,0.00026,21.216
radix_sort_tbb,1048576,0.00140,4.044
gpu_radix_sort_opt_2,1048576,0.01226,0.463
bitonic_sort,1048576,0.00052,10.969
thrust_sort,1048576,0.00027,21.386
radix_sort_tbb,1048576,0.00137,4.047
gpu_radix_sort_opt_2,1048576,0.01225,0.452
bitonic_sort,1048576,0.00052,10.738
thrust_sort,1048576,0.00026,21.397
radix_sort_tbb,1048576,0.00138,4.053
gpu_radix_sort_opt_2,1048576,0.01224,0.457
bitonic_sort,1048576,0.00052,10.838
thrust_sort,1048576,0.00029,19.645
radix_sort_tbb,1048576,0.00184,2.947
gpu_radix_sort_opt_2,1048576,0.01226,0.442
bitonic_sort,1048576,0.00052,10.504
thrust_sort,1048576,0.00027,20.305
radix_sort_tbb,1048576,0.00135,4.227
gpu_radix_sort_opt_2,1048576,0.01225,0.465
bitonic_sort,1048576,0.00052,11.044
thrust_sort,1048576,0.00029,19.850
radix_sort_tbb,1048576,0.00138,4.021
gpu_radix_sort_opt_2,1048576,0.01226,0.452
bitonic_sort,1048576,0.00052,10.718
thrust_sort,1048576,0.00026,21.396
radix_sort_tbb,1048576,0.00141,3.931
gpu_radix_sort_opt_2,1048576,0.01225,0.452
bitonic_sort,1048576,0.00052,10.728
thrust_sort,1048576,0.00027,20.802
radix_sort_tbb,1048576,0.00139,4.042
gpu_radix_sort_opt_2,1048576,0.01225,0.460
bitonic_sort,1048576,0.00052,10.857
thrust_sort,1048576,0.00026,21.844
radix_sort_tbb,1048576,0.00137,4.038
gpu_radix_sort_opt_2,1048576,0.01232,0.448
bitonic_sort,1048576,0.00052,10.645
thrust_sort,1048576,0.00026,21.379
radix_sort_tbb,1048576,0.00139,3.984
gpu_radix_sort_opt_2,1048576,0.01225,0.452
bitonic_sort,1048576,0.00052,10.701
thrust_sort,1048576,0.00027,20.873
radix_sort_tbb,1048576,0.00140,3.911
gpu_radix_sort_opt_2,1048576,0.01225,0.447
bitonic_sort,1048576,0.00052,10.584
thrust_sort,1048576,0.00026,20.880
radix_sort_tbb,1048576,0.00138,4.696
gpu_radix_sort_opt_2,1048576,0.01227,0.527
bitonic_sort,1048576,0.00052,12.537
thrust_sort,1048576,0.00029,22.637
radix_sort_tbb,1048576,0.00158,3.576
gpu_radix_sort_opt_2,1048576,0.01225,0.462
bitonic_sort,1048576,0.00052,10.967
thrust_sort,1048576,0.00026,21.625
radix_sort_tbb,1048576,0.00139,3.967
gpu_radix_sort_opt_2,1048576,0.01227,0.448
bitonic_sort,1048576,0.00052,10.608
thrust_sort,1048576,0.00026,21.051
radix_sort_tbb,1048576,0.00136,4.225
gpu_radix_sort_opt_2,1048576,0.01230,0.466
bitonic_sort,1048576,0.00052,11.114
thrust_sort,1048576,0.00026,21.706
radix_sort_tbb,1048576,0.00144,3.845
gpu_radix_sort_opt_2,1048576,0.01225,0.451
bitonic_sort,1048576,0.00052,10.663
thrust_sort,1048576,0.00026,21.075
radix_sort_tbb,1048576,0.00145,3.785
gpu_radix_sort_opt_2,1048576,0.01226,0.448
bitonic_sort,1048576,0.00052,10.635
thrust_sort,1048576,0.00026,21.192
radix_sort_tbb,1048576,0.00199,2.800
gpu_radix_sort_opt_2,1048576,0.01226,0.454
bitonic_sort,1048576,0.00052,10.784
thrust_sort,1048576,0.00026,21.312
radix_sort_tbb,1048576,0.00136,4.137
gpu_radix_sort_opt_2,1048576,0.01229,0.459
bitonic_sort,1048576,0.00052,10.845
thrust_sort,1048576,0.00028,20.129
radix_sort_tbb,1048576,0.00141,3.893
gpu_radix_sort_opt_2,1048576,0.01225,0.448
bitonic_sort,1048576,0.00052,10.590
thrust_sort,1048576,0.00026,20.779
radix_sort_tbb,1048576,0.00128,4.664
gpu_radix_sort_opt_2,1048576,0.01227,0.486
bitonic_sort,1048576,0.00052,11.514
thrust_sort,1048576,0.00026,22.932
radix_sort_tbb,1048576,0.00141,4.042
gpu_radix_sort_opt_2,1048576,0.01229,0.463
bitonic_sort,1048576,0.00052,11.012
thrust_sort,1048576,0.00027,21.090
radix_sort_tbb,1048576,0.00144,3.841
gpu_radix_sort_opt_2,1048576,0.01226,0.452
bitonic_sort,1048576,0.00053,10.449
thrust_sort,1048576,0.00027,20.888
radix_sort_tbb,1048576,0.00190,2.963
gpu_radix_sort_opt_2,1048576,0.01228,0.458
bitonic_sort,1048576,0.00052,10.899
thrust_sort,1048576,0.00029,19.469
radix_sort_tbb,1048576,0.00137,4.181
gpu_radix_sort_opt_2,1048576,0.01226,0.467
bitonic_sort,1048576,0.00051,11.131
thrust_sort,1048576,0.00026,21.876
radix_sort_tbb,1048576,0.00142,3.872
gpu_radix_sort_opt_2,1048576,0.01227,0.446
bitonic_sort,1048576,0.00052,10.600
thrust_sort,1048576,0.00027,20.001
radix_sort_tbb,1048576,0.00136,4.009
gpu_radix_sort_opt_2,1048576,0.01226,0.445
bitonic_sort,1048576,0.00052,10.556
thrust_sort,1048576,0.00028,19.773
radix_sort_tbb,1048576,0.00143,3.931
gpu_radix_sort_opt_2,1048576,0.01230,0.455
bitonic_sort,1048576,0.00052,10.858
thrust_sort,1048576,0.00026,21.379
radix_sort_tbb,1048576,0.00134,4.328
gpu_radix_sort_opt_2,1048576,0.01227,0.474
bitonic_sort,1048576,0.00052,11.243
thrust_sort,1048576,0.00026,22.098
radix_sort_tbb,1048576,0.00139,3.778
gpu_radix_sort_opt_2,1048576,0.01226,0.428
bitonic_sort,1048576,0.00052,10.156
thrust_sort,1048576,0.00026,20.510
radix_sort_tbb,1048576,0.00135,3.960
gpu_radix_sort_opt_2,1048576,0.01226,0.437
bitonic_sort,1048576,0.00052,10.369
thrust_sort,1048576,0.00026,20.316
radix_sort_tbb,1048576,0.00147,3.596
gpu_radix_sort_opt_2,1048576,0.01226,0.432
bitonic_sort,1048576,0.00052,10.259
thrust_sort,1048576,0.00026,20.595
radix_sort_tbb,1048576,0.00144,3.768
gpu_radix_sort_opt_2,1048576,0.01226,0.442
bitonic_sort,1048576,0.00052,10.476
thrust_sort,1048576,0.00026,20.742
radix_sort_tbb,1048576,0.00142,3.842
gpu_radix_sort_opt_2,1048576,0.01228,0.444
bitonic_sort,1048576,0.00052,10.512
thrust_sort,1048576,0.00027,20.360
radix_sort_tbb,1048576,0.00143,3.934
gpu_radix_sort_opt_2,1048576,0.01227,0.457
bitonic_sort,1048576,0.00052,10.873
thrust_sort,1048576,0.00027,20.860
radix_sort_tbb,1048576,0.00152,3.569
gpu_radix_sort_opt_2,1048576,0.01225,0.442
bitonic_sort,1048576,0.00051,10.520
thrust_sort,1048576,0.00026,20.982
radix_sort_tbb,1048576,0.00140,4.006
gpu_radix_sort_opt_2,1048576,0.01227,0.458
bitonic_sort,1048576,0.00052,10.852
thrust_sort,1048576,0.00026,21.917
radix_sort_tbb,1048576,0.00136,4.193
gpu_radix_sort_opt_2,1048576,0.01227,0.466
bitonic_sort,1048576,0.00052,11.053
thrust_sort,1048576,0.00026,22.055
radix_sort_tbb,1048576,0.00137,4.141
gpu_radix_sort_opt_2,1048576,0.01227,0.462
bitonic_sort,1048576,0.00052,10.968
thrust_sort,1048576,0.00028,20.393
radix_sort_tbb,1048576,0.00147,3.807
gpu_radix_sort_opt_2,1048576,0.01225,0.455
bitonic_sort,1048576,0.00052,10.787
thrust_sort,1048576,0.00026,21.135
radix_sort_tbb,1048576,0.00146,3.825
gpu_radix_sort_opt_2,1048576,0.01225,0.454
bitonic_sort,1048576,0.00052,10.761
thrust_sort,1048576,0.00027,20.547
radix_sort_tbb,1048576,0.00144,3.875
gpu_radix_sort_opt_2,1048576,0.01226,0.456
bitonic_sort,1048576,0.00052,10.837
thrust_sort,1048576,0.00026,21.754
radix_sort_tbb,1048576,0.00135,4.112
gpu_radix_sort_opt_2,1048576,0.01225,0.454
bitonic_sort,1048576,0.00051,10.804
thrust_sort,1048576,0.00026,21.410
radix_sort_tbb,1048576,0.00191,2.939
gpu_radix_sort_opt_2,1048576,0.01225,0.458
bitonic_sort,1048576,0.00052,10.795
thrust_sort,1048576,0.00027,21.021
radix_sort_tbb,1048576,0.00137,3.913
gpu_radix_sort_opt_2,1048576,0.01226,0.436
bitonic_sort,1048576,0.00052,10.337
thrust_sort,1048576,0.00026,20.646
radix_sort_tbb,1048576,0.00146,3.644
gpu_radix_sort_opt_2,1048576,0.01226,0.433
bitonic_sort,1048576,0.00052,10.285
thrust_sort,1048576,0.00031,17.181
radix_sort_tbb,1048576,0.00142,3.748
gpu_radix_sort_opt_2,1048576,0.01226,0.435
bitonic_sort,1048576,0.00052,10.331
thrust_sort,1048576,0.00026,20.491
radix_sort_tbb,1048576,0.00138,3.888
gpu_radix_sort_opt_2,1048576,0.01226,0.439
bitonic_sort,1048576,0.00054,9.912
thrust_sort,1048576,0.00028,19.160
radix_sort_tbb,1048576,0.00133,3.931
gpu_radix_sort_opt_2,1048576,0.01227,0.428
bitonic_sort,1048576,0.00052,10.172
thrust_sort,1048576,0.00029,17.795
radix_sort_tbb,1048576,0.00136,3.915
gpu_radix_sort_opt_2,1048576,0.01226,0.433
bitonic_sort,1048576,0.00052,10.210
thrust_sort,1048576,0.00031,16.959
radix_sort_tbb,1048576,0.00143,3.767
gpu_radix_sort_opt_2,1048576,0.01226,0.438
bitonic_sort,1048576,0.00052,10.304
thrust_sort,1048576,0.00028,18.968
radix_sort_tbb,1048576,0.00144,3.655
gpu_radix_sort_opt_2,1048576,0.01226,0.429
bitonic_sort,1048576,0.00052,10.172
thrust_sort,1048576,0.00028,18.649
radix_sort_tbb,1048576,0.00146,3.599
gpu_radix_sort_opt_2,1048576,0.01226,0.427
bitonic_sort,1048576,0.00052,10.108
thrust_sort,1048576,0.00027,19.542
radix_sort_tbb,1048576,0.00143,3.718
gpu_radix_sort_opt_2,1048576,0.01226,0.435
bitonic_sort,1048576,0.00052,10.311
thrust_sort,1048576,0.00026,20.202
radix_sort_tbb,1048576,0.00138,3.801
gpu_radix_sort_opt_2,1048576,0.01226,0.429
bitonic_sort,1048576,0.00052,10.189
thrust_sort,1048576,0.00026,19.846
radix_sort_tbb,1048576,0.00141,3.754
gpu_radix_sort_opt_2,1048576,0.01227,0.432
bitonic_sort,1048576,0.00052,10.276
thrust_sort,1048576,0.00026,20.317
radix_sort_tbb,1048576,0.00141,3.779
gpu_radix_sort_opt_2,1048576,0.01228,0.434
bitonic_sort,1048576,0.00052,10.169
thrust_sort,1048576,0.00029,18.564
radix_sort_tbb,1048576,0.00135,4.956
gpu_radix_sort_opt_2,1048576,0.01226,0.544
bitonic_sort,1048576,0.00052,12.939
thrust_sort,1048576,0.00029,22.710
radix_sort_tbb,1048576,0.00137,3.911
gpu_radix_sort_opt_2,1048576,0.01229,0.438
bitonic_sort,1048576,0.00053,10.182
thrust_sort,1048576,0.00026,20.672
radix_sort_tbb,1048576,0.00144,3.684
gpu_radix_sort_opt_2,1048576,0.01227,0.433
bitonic_sort,1048576,0.00052,10.313
thrust_sort,1048576,0.00026,20.160
radix_sort_tbb,1048576,0.00143,3.739
gpu_radix_sort_opt_2,1048576,0.01226,0.437
bitonic_sort,1048576,0.00051,10.396
thrust_sort,1048576,0.00026,20.754
radix_sort_tbb,1048576,0.00139,3.860
gpu_radix_sort_opt_2,1048576,0.01225,0.437
bitonic_sort,1048576,0.00051,10.404
thrust_sort,1048576,0.00027,20.210
radix_sort_tbb,1048576,0.00149,3.590
gpu_radix_sort_opt_2,1048576,0.01228,0.436
bitonic_sort,1048576,0.00052,10.360
thrust_sort,1048576,0.00027,19.824
radix_sort_tbb,1048576,0.00146,3.649
gpu_radix_sort_opt_2,1048576,0.01227,0.435
bitonic_sort,1048576,0.00052,10.346
thrust_sort,1048576,0.00026,20.465
radix_sort_tbb,1048576,0.00137,3.865
gpu_radix_sort_opt_2,1048576,0.01226,0.432
bitonic_sort,1048576,0.00052,10.258
thrust_sort,1048576,0.00027,19.972
radix_sort_tbb,1048576,0.00136,3.961
gpu_radix_sort_opt_2,1048576,0.01225,0.439
bitonic_sort,1048576,0.00052,10.415
thrust_sort,1048576,0.00026,20.517
radix_sort_tbb,1048576,0.00140,3.818
gpu_radix_sort_opt_2,1048576,0.01227,0.437
bitonic_sort,1048576,0.00052,10.391
thrust_sort,1048576,0.00026,20.554
radix_sort_tbb,1048576,0.00137,3.866
gpu_radix_sort_opt_2,1048576,0.01226,0.432
bitonic_sort,1048576,0.00052,10.273
thrust_sort,1048576,0.00026,20.394
radix_sort_tbb,1048576,0.00135,3.980
gpu_radix_sort_opt_2,1048576,0.01229,0.437
bitonic_sort,1048576,0.00052,10.335
thrust_sort,1048576,0.00026,20.510
radix_sort_tbb,1048576,0.00139,3.951
gpu_radix_sort_opt_2,1048576,0.01230,0.446
bitonic_sort,1048576,0.00052,10.604
thrust_sort,1048576,0.00034,15.931
radix_sort_tbb,1048576,0.00143,3.755
gpu_radix_sort_opt_2,1048576,0.01226,0.437
bitonic_sort,1048576,0.00052,10.399
thrust_sort,1048576,0.00026,20.875
radix_sort_tbb,1048576,0.00140,3.855
gpu_radix_sort_opt_2,1048576,0.01226,0.440
bitonic_sort,1048576,0.00052,10.366
thrust_sort,1048576,0.00027,19.991
radix_sort_tbb,1048576,0.00139,3.794
gpu_radix_sort_opt_2,1048576,0.01226,0.430
bitonic_sort,1048576,0.00052,10.190
thrust_sort,1048576,0.00026,20.342
radix_sort_tbb,1048576,0.00140,3.796
gpu_radix_sort_opt_2,1048576,0.01231,0.433
bitonic_sort,1048576,0.00052,10.247
thrust_sort,1048576,0.00026,20.115
radix_sort_tbb,1048576,0.00135,4.685
gpu_radix_sort_opt_2,1048576,0.01230,0.515
bitonic_sort,1048576,0.00052,12.173
thrust_sort,1048576,0.00027,23.790
radix_sort_tbb,1048576,0.00139,4.314
gpu_radix_sort_opt_2,1048576,0.01228,0.490
bitonic_sort,1048576,0.00051,11.678
thrust_sort,1048576,0.00026,22.952
radix_sort_tbb,1048576,0.00143,3.990
gpu_radix_sort_opt_2,1048576,0.01234,0.462
bitonic_sort,1048576,0.00052,10.938
thrust_sort,1048576,0.00026,22.006
radix_sort_tbb,1048576,0.00136,5.033
gpu_radix_sort_opt_2,1048576,0.01228,0.559
bitonic_sort,1048576,0.00052,13.300
thrust_sort,1048576,0.00028,24.526
radix_sort_tbb,1048576,0.00182,6.024
gpu_radix_sort_opt_2,1048576,0.01231,0.890
bitonic_sort,1048576,0.00052,21.153
thrust_sort,1048576,0.00027,40.858
radix_sort_tbb,1048576,0.00140,3.939
gpu_radix_sort_opt_2,1048576,0.01227,0.449
bitonic_sort,1048576,0.00052,10.565
thrust_sort,1048576,0.00031,17.937
radix_sort_tbb,1048576,0.00143,4.003
gpu_radix_sort_opt_2,1048576,0.01227,0.466
bitonic_sort,1048576,0.00052,10.935
thrust_sort,1048576,0.00027,21.517
radix_sort_tbb,1048576,0.00146,5.457
gpu_radix_sort_opt_2,1048576,0.01227,0.647
bitonic_sort,1048576,0.00053,15.098
thrust_sort,1048576,0.00030,26.041
radix_sort_tbb,1048576,0.00139,4.226
gpu_radix_sort_opt_2,1048576,0.01226,0.481
bitonic_sort,1048576,0.00052,11.421
thrust_sort,1048576,0.00026,22.417
radix_sort_tbb,1048576,0.00169,3.472
gpu_radix_sort_opt_2,1048576,0.01227,0.477
bitonic_sort,1048576,0.00052,11.305
thrust_sort,1048576,0.00026,22.171
radix_sort_tbb,1048576,0.00154,3.548
gpu_radix_sort_opt_2,1048576,0.01225,0.446
bitonic_sort,1048576,0.00052,10.592
thrust_sort,1048576,0.00026,21.106
radix_sort_tbb,1048576,0.00141,3.846
gpu_radix_sort_opt_2,1048576,0.01227,0.442
bitonic_sort,1048576,0.00052,10.500
thrust_sort,1048576,0.00026,20.875
radix_sort_tbb,1048576,0.00184,3.020
gpu_radix_sort_opt_2,1048576,0.01228,0.451
bitonic_sort,1048576,0.00052,10.736
thrust_sort,1048576,0.00026,21.663
algorithm,size,seconds,speedup
radix_sort_tbb,4194304,0.00599,7.235
gpu_radix_sort_opt_2,4194304,0.01780,2.434
bitonic_sort,4194304,0.00204,21.263
thrust_sort,4194304,0.00064,67.359
radix_sort_tbb,4194304,0.00394,7.564
gpu_radix_sort_opt_2,4194304,0.01672,1.784
bitonic_sort,4194304,0.00203,14.674
thrust_sort,4194304,0.00062,48.477
radix_sort_tbb,4194304,0.00350,7.272
gpu_radix_sort_opt_2,4194304,0.01668,1.525
bitonic_sort,4194304,0.00203,12.514
thrust_sort,4194304,0.00062,41.090
radix_sort_tbb,4194304,0.00358,6.848
gpu_radix_sort_opt_2,4194304,0.01671,1.469
bitonic_sort,4194304,0.00204,12.002
thrust_sort,4194304,0.00062,39.776
radix_sort_tbb,4194304,0.00375,7.429
gpu_radix_sort_opt_2,4194304,0.01668,1.669
bitonic_sort,4194304,0.00203,13.696
thrust_sort,4194304,0.00062,45.105
radix_sort_tbb,4194304,0.00447,5.411
gpu_radix_sort_opt_2,4194304,0.01668,1.449
bitonic_sort,4194304,0.00203,11.905
thrust_sort,4194304,0.00062,39.124
radix_sort_tbb,4194304,0.00433,6.094
gpu_radix_sort_opt_2,4194304,0.01669,1.581
bitonic_sort,4194304,0.00203,12.980
thrust_sort,4194304,0.00064,41.278
radix_sort_tbb,4194304,0.00437,5.671
gpu_radix_sort_opt_2,4194304,0.01667,1.487
bitonic_sort,4194304,0.00203,12.190
thrust_sort,4194304,0.00062,40.040
radix_sort_tbb,4194304,0.00428,5.697
gpu_radix_sort_opt_2,4194304,0.01670,1.462
bitonic_sort,4194304,0.00203,12.007
thrust_sort,4194304,0.00062,39.304
radix_sort_tbb,4194304,0.00398,6.658
gpu_radix_sort_opt_2,4194304,0.01670,1.588
bitonic_sort,4194304,0.00203,13.042
thrust_sort,4194304,0.00062,42.484
radix_sort_tbb,4194304,0.00442,5.540
gpu_radix_sort_opt_2,4194304,0.01668,1.469
bitonic_sort,4194304,0.00203,12.047
thrust_sort,4194304,0.00062,39.261
radix_sort_tbb,4194304,0.00372,6.737
gpu_radix_sort_opt_2,4194304,0.01673,1.497
bitonic_sort,4194304,0.00203,12.317
thrust_sort,4194304,0.00062,40.255
radix_sort_tbb,4194304,0.00390,6.217
gpu_radix_sort_opt_2,4194304,0.01667,1.455
bitonic_sort,4194304,0.00203,11.936
thrust_sort,4194304,0.00061,39.526
radix_sort_tbb,4194304,0.00430,6.097
gpu_radix_sort_opt_2,4194304,0.01667,1.574
bitonic_sort,4194304,0.00203,12.913
thrust_sort,4194304,0.00061,42.806
radix_sort_tbb,4194304,0.00406,6.091
gpu_radix_sort_opt_2,4194304,0.01669,1.482
bitonic_sort,4194304,0.00203,12.163
thrust_sort,4194304,0.00060,41.223
radix_sort_tbb,4194304,0.00367,6.731
gpu_radix_sort_opt_2,4194304,0.01670,1.479
bitonic_sort,4194304,0.00203,12.150
thrust_sort,4194304,0.00061,40.172
radix_sort_tbb,4194304,0.00459,5.359
gpu_radix_sort_opt_2,4194304,0.01668,1.474
bitonic_sort,4194304,0.00203,12.091
thrust_sort,4194304,0.00062,39.459
radix_sort_tbb,4194304,0.00470,5.203
gpu_radix_sort_opt_2,4194304,0.01667,1.467
bitonic_sort,4194304,0.00203,12.030
thrust_sort,4194304,0.00062,39.513
radix_sort_tbb,4194304,0.00388,6.340
gpu_radix_sort_opt_2,4194304,0.01667,1.476
bitonic_sort,4194304,0.00203,12.118
thrust_sort,4194304,0.00063,39.132
radix_sort_tbb,4194304,0.00428,5.705
gpu_radix_sort_opt_2,4194304,0.01672,1.462
bitonic_sort,4194304,0.00203,12.013
thrust_sort,4194304,0.00062,39.476
radix_sort_tbb,4194304,0.00497,4.961
gpu_radix_sort_opt_2,4194304,0.01668,1.477
bitonic_sort,4194304,0.00203,12.123
thrust_sort,4194304,0.00063,39.363
radix_sort_tbb,4194304,0.00390,6.316
gpu_radix_sort_opt_2,4194304,0.01668,1.478
bitonic_sort,4194304,0.00203,12.120
thrust_sort,4194304,0.00065,38.214
radix_sort_tbb,4194304,0.00419,5.901
gpu_radix_sort_opt_2,4194304,0.01670,1.482
bitonic_sort,4194304,0.00203,12.163
thrust_sort,4194304,0.00062,40.037
radix_sort_tbb,4194304,0.00457,5.482
gpu_radix_sort_opt_2,4194304,0.01671,1.498
bitonic_sort,4194304,0.00203,12.316
thrust_sort,4194304,0.00061,40.701
radix_sort_tbb,4194304,0.00374,7.231
gpu_radix_sort_opt_2,4194304,0.01669,1.619
bitonic_sort,4194304,0.00203,13.297
thrust_sort,4194304,0.00061,43.991
radix_sort_tbb,4194304,0.00466,5.211
gpu_radix_sort_opt_2,4194304,0.01670,1.455
bitonic_sort,4194304,0.00203,11.959
thrust_sort,4194304,0.00063,38.497
radix_sort_tbb,4194304,0.00427,5.659
gpu_radix_sort_opt_2,4194304,0.01669,1.449
bitonic_sort,4194304,0.00203,11.905
thrust_sort,4194304,0.00063,38.675
radix_sort_tbb,4194304,0.00483,5.044
gpu_radix_sort_opt_2,4194304,0.01667,1.461
bitonic_sort,4194304,0.00203,11.980
thrust_sort,4194304,0.00061,39.719
radix_sort_tbb,4194304,0.00406,6.051
gpu_radix_sort_opt_2,4194304,0.01667,1.474
bitonic_sort,4194304,0.00203,12.081
thrust_sort,4194304,0.00062,39.564
radix_sort_tbb,4194304,0.00344,7.163
gpu_radix_sort_opt_2,4194304,0.01667,1.479
bitonic_sort,4194304,0.00203,12.136
thrust_sort,4194304,0.00062,39.783
radix_sort_tbb,4194304,0.00514,4.756
gpu_radix_sort_opt_2,4194304,0.01668,1.465
bitonic_sort,4194304,0.00203,12.032
thrust_sort,4194304,0.00063,39.110
radix_sort_tbb,4194304,0.00433,5.697
gpu_radix_sort_opt_2,4194304,0.01667,1.479
bitonic_sort,4194304,0.00205,12.013
thrust_sort,4194304,0.00062,40.029
radix_sort_tbb,4194304,0.00396,7.220
gpu_radix_sort_opt_2,4194304,0.01671,1.713
bitonic_sort,4194304,0.00203,14.091
thrust_sort,4194304,0.00063,45.300
radix_sort_tbb,4194304,0.00467,5.213
gpu_radix_sort_opt_2,4194304,0.01668,1.460
bitonic_sort,4194304,0.00203,11.994
thrust_sort,4194304,0.00061,39.616
radix_sort_tbb,4194304,0.00353,7.006
gpu_radix_sort_opt_2,4194304,0.01668,1.482
bitonic_sort,4194304,0.00203,12.158
thrust_sort,4194304,0.00062,40.060
radix_sort_tbb,4194304,0.00456,5.333
gpu_radix_sort_opt_2,4194304,0.01670,1.456
bitonic_sort,4194304,0.00203,11.971
thrust_sort,4194304,0.00062,38.986
radix_sort_tbb,4194304,0.00515,4.809
gpu_radix_sort_opt_2,4194304,0.01669,1.485
bitonic_sort,4194304,0.00203,12.182
thrust_sort,4194304,0.00071,34.809
radix_sort_tbb,4194304,0.00331,8.122
gpu_radix_sort_opt_2,4194304,0.01669,1.612
bitonic_sort,4194304,0.00203,13.232
thrust_sort,4194304,0.00062,43.312
radix_sort_tbb,4194304,0.00354,7.521
gpu_radix_sort_opt_2,4194304,0.01671,1.595
bitonic_sort,4194304,0.00203,13.117
thrust_sort,4194304,0.00062,43.132
radix_sort_tbb,4194304,0.00475,5.461
gpu_radix_sort_opt_2,4194304,0.01668,1.556
bitonic_sort,4194304,0.00203,12.772
thrust_sort,4194304,0.00061,42.259
radix_sort_tbb,4194304,0.00393,6.617
gpu_radix_sort_opt_2,4194304,0.01667,1.560
bitonic_sort,4194304,0.00203,12.804
thrust_sort,4194304,0.00062,41.763
radix_sort_tbb,4194304,0.00341,7.857
gpu_radix_sort_opt_2,4194304,0.01670,1.603
bitonic_sort,4194304,0.00203,13.169
thrust_sort,4194304,0.00062,43.153
radix_sort_tbb,4194304,0.00342,7.850
gpu_radix_sort_opt_2,4194304,0.01669,1.608
bitonic_sort,4194304,0.00203,13.211
thrust_sort,4194304,0.00061,43.638
radix_sort_tbb,4194304,0.00389,6.874
gpu_radix_sort_opt_2,4194304,0.01668,1.604
bitonic_sort,4194304,0.00203,13.176
thrust_sort,4194304,0.00062,43.304
radix_sort_tbb,4194304,0.00381,6.984
gpu_radix_sort_opt_2,4194304,0.01669,1.596
bitonic_sort,4194304,0.00206,12.950
thrust_sort,4194304,0.00061,43.320
radix_sort_tbb,4194304,0.00367,7.361
gpu_radix_sort_opt_2,4194304,0.01667,1.620
bitonic_sort,4194304,0.00205,13.181
thrust_sort,4194304,0.00061,44.044
radix_sort_tbb,4194304,0.00350,7.566
gpu_radix_sort_opt_2,4194304,0.01670,1.588
bitonic_sort,4194304,0.00203,13.051
thrust_sort,4194304,0.00061,43.264
radix_sort_tbb,4194304,0.00354,7.957
gpu_radix_sort_opt_2,4194304,0.01670,1.687
bitonic_sort,4194304,0.00203,13.866
thrust_sort,4194304,0.00062,45.595
radix_sort_tbb,4194304,0.00477,5.570
gpu_radix_sort_opt_2,4194304,0.01669,1.592
bitonic_sort,4194304,0.00203,13.070
thrust_sort,4194304,0.00063,42.419
radix_sort_tbb,4194304,0.00393,6.729
gpu_radix_sort_opt_2,4194304,0.01667,1.586
bitonic_sort,4194304,0.00203,13.007
thrust_sort,4194304,0.00062,42.725
radix_sort_tbb,4194304,0.00365,7.710
gpu_radix_sort_opt_2,4194304,0.01674,1.680
bitonic_sort,4194304,0.00205,13.738
thrust_sort,4194304,0.00062,45.207
radix_sort_tbb,4194304,0.00384,7.090
gpu_radix_sort_opt_2,4194304,0.01672,1.627
bitonic_sort,4194304,0.00203,13.387
thrust_sort,4194304,0.00062,43.928
radix_sort_tbb,4194304,0.00398,6.673
gpu_radix_sort_opt_2,4194304,0.01668,1.592
bitonic_sort,4194304,0.00203,13.058
thrust_sort,4194304,0.00062,42.824
radix_sort_tbb,4194304,0.00328,8.117
gpu_radix_sort_opt_2,4194304,0.01668,1.595
bitonic_sort,4194304,0.00203,13.096
thrust_sort,4194304,0.00060,44.483
radix_sort_tbb,4194304,0.00408,6.464
gpu_radix_sort_opt_2,4194304,0.01669,1.579
bitonic_sort,4194304,0.00203,12.965
thrust_sort,4194304,0.00062,42.586
radix_sort_tbb,4194304,0.00440,6.098
gpu_radix_sort_opt_2,4194304,0.01671,1.604
bitonic_sort,4194304,0.00203,13.185
thrust_sort,4194304,0.00062,43.293
radix_sort_tbb,4194304,0.00332,8.125
gpu_radix_sort_opt_2,4194304,0.01668,1.620
bitonic_sort,4194304,0.00203,13.295
thrust_sort,4194304,0.00062,43.869
radix_sort_tbb,4194304,0.00409,6.421
gpu_radix_sort_opt_2,4194304,0.01668,1.575
bitonic_sort,4194304,0.00203,12.930
thrust_sort,4194304,0.00063,41.946
radix_sort_tbb,4194304,0.00364,7.381
gpu_radix_sort_opt_2,4194304,0.01669,1.611
bitonic_sort,4194304,0.00203,13.240
thrust_sort,4194304,0.00062,43.292
radix_sort_tbb,4194304,0.00458,5.828
gpu_radix_sort_opt_2,4194304,0.01667,1.602
bitonic_sort,4194304,0.00203,13.148
thrust_sort,4194304,0.00062,43.385
radix_sort_tbb,4194304,0.00394,6.843
gpu_radix_sort_opt_2,4194304,0.01667,1.617
bitonic_sort,4194304,0.00203,13.276
thrust_sort,4194304,0.00062,43.560
radix_sort_tbb,4194304,0.00365,7.259
gpu_radix_sort_opt_2,4194304,0.01673,1.584
bitonic_sort,4194304,0.00203,13.029
thrust_sort,4194304,0.00063,42.243
radix_sort_tbb,4194304,0.00359,7.851
gpu_radix_sort_opt_2,4194304,0.01668,1.688
bitonic_sort,4194304,0.00203,13.848
thrust_sort,4194304,0.00062,45.258
radix_sort_tbb,4194304,0.00373,7.707
gpu_radix_sort_opt_2,4194304,0.01669,1.720
bitonic_sort,4194304,0.00203,14.132
thrust_sort,4194304,0.00062,46.236
radix_sort_tbb,4194304,0.00418,6.457
gpu_radix_sort_opt_2,4194304,0.01667,1.618
bitonic_sort,4194304,0.00203,13.273
thrust_sort,4194304,0.00062,43.713
radix_sort_tbb,4194304,0.00373,7.054
gpu_radix_sort_opt_2,4194304,0.01670,1.576
bitonic_sort,4194304,0.00203,12.963
thrust_sort,4194304,0.00062,42.664
radix_sort_tbb,4194304,0.00407,5.962
gpu_radix_sort_opt_2,4194304,0.01668,1.455
bitonic_sort,4194304,0.00203,11.930
thrust_sort,4194304,0.00062,38.832
radix_sort_tbb,4194304,0.00361,6.810
gpu_radix_sort_opt_2,4194304,0.01671,1.470
bitonic_sort,4194304,0.00203,12.084
thrust_sort,4194304,0.00062,39.736
radix_sort_tbb,4194304,0.00455,5.415
gpu_radix_sort_opt_2,4194304,0.01668,1.476
bitonic_sort,4194304,0.00204,12.059
thrust_sort,4194304,0.00062,39.589
radix_sort_tbb,4194304,0.00431,5.701
gpu_radix_sort_opt_2,4194304,0.01668,1.472
bitonic_sort,4194304,0.00204,12.059
thrust_sort,4194304,0.00063,39.139
radix_sort_tbb,4194304,0.00389,6.480
gpu_radix_sort_opt_2,4194304,0.01670,1.510
bitonic_sort,4194304,0.00203,12.403
thrust_sort,4194304,0.00062,40.416
radix_sort_tbb,4194304,0.00420,5.861
gpu_radix_sort_opt_2,4194304,0.01667,1.476
bitonic_sort,4194304,0.00203,12.104
thrust_sort,4194304,0.00062,39.818
radix_sort_tbb,4194304,0.00432,5.718
gpu_radix_sort_opt_2,4194304,0.01667,1.483
bitonic_sort,4194304,0.00205,12.069
thrust_sort,4194304,0.00062,40.081
radix_sort_tbb,4194304,0.00407,6.064
gpu_radix_sort_opt_2,4194304,0.01668,1.480
bitonic_sort,4194304,0.00203,12.155
thrust_sort,4194304,0.00062,39.886
radix_sort_tbb,4194304,0.00397,6.173
gpu_radix_sort_opt_2,4194304,0.01670,1.469
bitonic_sort,4194304,0.00203,12.072
thrust_sort,4194304,0.00062,39.497
radix_sort_tbb,4194304,0.00378,6.485
gpu_radix_sort_opt_2,4194304,0.01683,1.456
bitonic_sort,4194304,0.00204,12.000
thrust_sort,4194304,0.00087,28.311
radix_sort_tbb,4194304,0.00365,7.551
gpu_radix_sort_opt_2,4194304,0.01668,1.654
bitonic_sort,4194304,0.00203,13.581
thrust_sort,4194304,0.00070,39.419
radix_sort_tbb,4194304,0.00451,6.339
gpu_radix_sort_opt_2,4194304,0.01668,1.715
bitonic_sort,4194304,0.00204,14.011
thrust_sort,4194304,0.00062,46.291
radix_sort_tbb,4194304,0.00423,5.797
gpu_radix_sort_opt_2,4194304,0.01668,1.469
bitonic_sort,4194304,0.00203,12.059
thrust_sort,4194304,0.00062,39.274
radix_sort_tbb,4194304,0.00560,4.345
gpu_radix_sort_opt_2,4194304,0.01669,1.457
bitonic_sort,4194304,0.00203,11.966
thrust_sort,4194304,0.00061,39.731
radix_sort_tbb,4194304,0.00339,7.666
gpu_radix_sort_opt_2,4194304,0.01671,1.556
bitonic_sort,4194304,0.00203,12.799
thrust_sort,4194304,0.00061,42.408
radix_sort_tbb,4194304,0.00363,6.801
gpu_radix_sort_opt_2,4194304,0.01668,1.481
bitonic_sort,4194304,0.00203,12.165
thrust_sort,4194304,0.00062,39.982
radix_sort_tbb,4194304,0.00445,5.536
gpu_radix_sort_opt_2,4194304,0.01670,1.476
bitonic_sort,4194304,0.00203,12.134
thrust_sort,4194304,0.00063,39.305
radix_sort_tbb,4194304,0.00451,5.458
gpu_radix_sort_opt_2,4194304,0.01668,1.474
bitonic_sort,4194304,0.00203,12.097
thrust_sort,4194304,0.00062,39.796
radix_sort_tbb,4194304,0.00448,5.492
gpu_radix_sort_opt_2,4194304,0.01670,1.475
bitonic_sort,4194304,0.00203,12.114
thrust_sort,4194304,0.00062,39.912
radix_sort_tbb,4194304,0.00391,6.330
gpu_radix_sort_opt_2,4194304,0.01668,1.484
bitonic_sort,4194304,0.00203,12.191
thrust_sort,4194304,0.00062,39.946
radix_sort_tbb,4194304,0.00395,6.307
gpu_radix_sort_opt_2,4194304,0.01669,1.492
bitonic_sort,4194304,0.00203,12.256
thrust_sort,4194304,0.00062,40.301
radix_sort_tbb,4194304,0.00420,5.982
gpu_radix_sort_opt_2,4194304,0.01669,1.506
bitonic_sort,4194304,0.00203,12.375
thrust_sort,4194304,0.00062,40.465
radix_sort_tbb,4194304,0.00431,5.759
gpu_radix_sort_opt_2,4194304,0.01672,1.484
bitonic_sort,4194304,0.00203,12.215
thrust_sort,4194304,0.00061,40.431
radix_sort_tbb,4194304,0.00412,5.996
gpu_radix_sort_opt_2,4194304,0.01669,1.479
bitonic_sort,4194304,0.00203,12.137
thrust_sort,4194304,0.00063,38.981
radix_sort_tbb,4194304,0.00396,6.140
gpu_radix_sort_opt_2,4194304,0.01667,1.457
bitonic_sort,4194304,0.00203,11.958
thrust_sort,4194304,0.00062,39.302
radix_sort_tbb,4194304,0.00360,6.983
gpu_radix_sort_opt_2,4194304,0.01667,1.506
bitonic_sort,4194304,0.00203,12.343
thrust_sort,4194304,0.00060,42.052
radix_sort_tbb,4194304,0.00381,6.558
gpu_radix_sort_opt_2,4194304,0.01668,1.496
bitonic_sort,4194304,0.00204,12.258
thrust_sort,4194304,0.00061,40.655
radix_sort_tbb,4194304,0.00423,5.799
gpu_radix_sort_opt_2,4194304,0.01667,1.471
bitonic_sort,4194304,0.00203,12.077
thrust_sort,4194304,0.00062,39.494
radix_sort_tbb,4194304,0.00449,5.559
gpu_radix_sort_opt_2,4194304,0.01671,1.495
bitonic_sort,4194304,0.00203,12.284
thrust_sort,4194304,0.00063,39.767
radix_sort_tbb,4194304,0.00378,6.577
gpu_radix_sort_opt_2,4194304,0.01672,1.489
bitonic_sort,4194304,0.00203,12.257
thrust_sort,4194304,0.00064,38.656
radix_sort_tbb,4194304,0.00386,6.850
gpu_radix_sort_opt_2,4194304,0.01670,1.584
bitonic_sort,4194304,0.00203,13.019
thrust_sort,4194304,0.00071,37.423
radix_sort_tbb,4194304,0.00351,8.238
gpu_radix_sort_opt_2,4194304,0.01667,1.735
bitonic_sort,4194304,0.00203,14.252
thrust_sort,4194304,0.00062,46.983
radix_sort_tbb,4194304,0.00397,6.125
gpu_radix_sort_opt_2,4194304,0.01668,1.460
bitonic_sort,4194304,0.00203,11.982
thrust_sort,4194304,0.00061,39.859
radix_sort_tbb,4194304,0.00358,6.868
gpu_radix_sort_opt_2,4194304,0.01668,1.473
bitonic_sort,4194304,0.00203,12.095
thrust_sort,4194304,0.00062,39.892
algorithm,size,seconds,speedup
radix_sort_tbb,16777216,0.03324,6.080
gpu_radix_sort_opt_2,16777216,0.06755,2.992
bitonic_sort,16777216,0.00825,24.507
thrust_sort,16777216,0.00306,66.064
radix_sort_tbb,16777216,0.03274,5.698
gpu_radix_sort_opt_2,16777216,0.05220,3.573
bitonic_sort,16777216,0.00583,31.969
thrust_sort,16777216,0.00264,70.547
radix_sort_tbb,16777216,0.03676,5.272
gpu_radix_sort_opt_2,16777216,0.05368,3.610
bitonic_sort,16777216,0.00585,33.111
thrust_sort,16777216,0.00306,63.310
radix_sort_tbb,16777216,0.03899,6.589
gpu_radix_sort_opt_2,16777216,0.05321,4.828
bitonic_sort,16777216,0.00585,43.902
thrust_sort,16777216,0.00302,85.015
radix_sort_tbb,16777216,0.03543,6.222
gpu_radix_sort_opt_2,16777216,0.05226,4.218
bitonic_sort,16777216,0.00584,37.761
thrust_sort,16777216,0.00260,84.660
radix_sort_tbb,16777216,0.03420,5.966
gpu_radix_sort_opt_2,16777216,0.05321,3.835
bitonic_sort,16777216,0.00585,34.878
thrust_sort,16777216,0.00298,68.442
radix_sort_tbb,16777216,0.03686,6.507
gpu_radix_sort_opt_2,16777216,0.05322,4.507
bitonic_sort,16777216,0.00585,41.002
thrust_sort,16777216,0.00300,79.925
radix_sort_tbb,16777216,0.03581,6.245
gpu_radix_sort_opt_2,16777216,0.05336,4.191
bitonic_sort,16777216,0.00585,38.231
thrust_sort,16777216,0.00301,74.221
radix_sort_tbb,16777216,0.03279,5.892
gpu_radix_sort_opt_2,16777216,0.05322,3.630
bitonic_sort,16777216,0.00585,33.019
thrust_sort,16777216,0.00300,64.398
radix_sort_tbb,16777216,0.03268,6.095
gpu_radix_sort_opt_2,16777216,0.05226,3.811
bitonic_sort,16777216,0.00584,34.115
thrust_sort,16777216,0.00261,76.336
radix_sort_tbb,16777216,0.03244,5.857
gpu_radix_sort_opt_2,16777216,0.05321,3.571
bitonic_sort,16777216,0.00585,32.476
thrust_sort,16777216,0.00298,63.755
radix_sort_tbb,16777216,0.04367,4.864
gpu_radix_sort_opt_2,16777216,0.05332,3.984
bitonic_sort,16777216,0.00584,36.404
thrust_sort,16777216,0.00265,80.065
radix_sort_tbb,16777216,0.03694,5.796
gpu_radix_sort_opt_2,16777216,0.05337,4.011
bitonic_sort,16777216,0.00585,36.602
thrust_sort,16777216,0.00297,71.963
radix_sort_tbb,16777216,0.03252,6.819
gpu_radix_sort_opt_2,16777216,0.05228,4.242
bitonic_sort,16777216,0.00585,37.900
thrust_sort,16777216,0.00265,83.620
radix_sort_tbb,16777216,0.03424,6.040
gpu_radix_sort_opt_2,16777216,0.05334,3.877
bitonic_sort,16777216,0.00588,35.142
thrust_sort,16777216,0.00301,68.728
radix_sort_tbb,16777216,0.03701,5.789
gpu_radix_sort_opt_2,16777216,0.05241,4.089
bitonic_sort,16777216,0.00587,36.520
thrust_sort,16777216,0.00265,80.961
radix_sort_tbb,16777216,0.03434,6.190
gpu_radix_sort_opt_2,16777216,0.05335,3.985
bitonic_sort,16777216,0.00588,36.143
thrust_sort,16777216,0.00300,70.887
radix_sort_tbb,16777216,0.03657,6.036
gpu_radix_sort_opt_2,16777216,0.05256,4.200
bitonic_sort,16777216,0.00587,37.588
thrust_sort,16777216,0.00263,83.906
radix_sort_tbb,16777216,0.03484,6.104
gpu_radix_sort_opt_2,16777216,0.05349,3.976
bitonic_sort,16777216,0.00588,36.145
thrust_sort,16777216,0.00303,70.307
radix_sort_tbb,16777216,0.03513,6.287
gpu_radix_sort_opt_2,16777216,0.05242,4.212
bitonic_sort,16777216,0.00587,37.600
thrust_sort,16777216,0.00262,84.154
radix_sort_tbb,16777216,0.03656,6.046
gpu_radix_sort_opt_2,16777216,0.05337,4.142
bitonic_sort,16777216,0.00598,36.969
thrust_sort,16777216,0.00297,74.503
radix_sort_tbb,16777216,0.03374,6.400
gpu_radix_sort_opt_2,16777216,0.05241,4.120
bitonic_sort,16777216,0.00587,36.784
thrust_sort,16777216,0.00263,82.072
radix_sort_tbb,16777216,0.03616,6.000
gpu_radix_sort_opt_2,16777216,0.05342,4.062
bitonic_sort,16777216,0.00588,36.870
thrust_sort,16777216,0.00298,72.834
radix_sort_tbb,16777216,0.03766,5.777
gpu_radix_sort_opt_2,16777216,0.05338,4.076
bitonic_sort,16777216,0.00588,36.967
thrust_sort,16777216,0.00306,70.998
radix_sort_tbb,16777216,0.03437,6.382
gpu_radix_sort_opt_2,16777216,0.05245,4.182
bitonic_sort,16777216,0.00587,37.352
thrust_sort,16777216,0.00263,83.336
radix_sort_tbb,16777216,0.03385,5.681
gpu_radix_sort_opt_2,16777216,0.05346,3.597
bitonic_sort,16777216,0.00588,32.710
thrust_sort,16777216,0.00298,64.592
radix_sort_tbb,16777216,0.03358,5.943
gpu_radix_sort_opt_2,16777216,0.05364,3.721
bitonic_sort,16777216,0.00587,33.991
thrust_sort,16777216,0.00262,76.254
radix_sort_tbb,16777216,0.03304,6.007
gpu_radix_sort_opt_2,16777216,0.05342,3.716
bitonic_sort,16777216,0.00588,33.741
thrust_sort,16777216,0.00301,66.034
radix_sort_tbb,16777216,0.03243,6.380
gpu_radix_sort_opt_2,16777216,0.05341,3.874
bitonic_sort,16777216,0.00588,35.175
thrust_sort,16777216,0.00298,69.363
radix_sort_tbb,16777216,0.03294,6.070
gpu_radix_sort_opt_2,16777216,0.05238,3.818
bitonic_sort,16777216,0.00587,34.053
thrust_sort,16777216,0.00263,75.940
radix_sort_tbb,16777216,0.03314,6.000
gpu_radix_sort_opt_2,16777216,0.05333,3.729
bitonic_sort,16777216,0.00588,33.800
thrust_sort,16777216,0.00298,66.758
radix_sort_tbb,16777216,0.03339,5.979
gpu_radix_sort_opt_2,16777216,0.05242,3.808
bitonic_sort,16777216,0.00588,33.978
thrust_sort,16777216,0.00264,75.670
radix_sort_tbb,16777216,0.03327,6.007
gpu_radix_sort_opt_2,16777216,0.05339,3.743
bitonic_sort,16777216,0.00588,33.966
thrust_sort,16777216,0.00298,67.087
radix_sort_tbb,16777216,0.03243,6.202
gpu_radix_sort_opt_2,16777216,0.05338,3.768
bitonic_sort,16777216,0.00589,34.154
thrust_sort,16777216,0.00264,76.268
radix_sort_tbb,16777216,0.03376,5.924
gpu_radix_sort_opt_2,16777216,0.05334,3.749
bitonic_sort,16777216,0.00588,33.995
thrust_sort,16777216,0.00299,66.951
radix_sort_tbb,16777216,0.03369,6.002
gpu_radix_sort_opt_2,16777216,0.05334,3.791
bitonic_sort,16777216,0.00589,34.335
thrust_sort,16777216,0.00302,66.932
radix_sort_tbb,16777216,0.03300,6.117
gpu_radix_sort_opt_2,16777216,0.05334,3.784
bitonic_sort,16777216,0.00588,34.314
thrust_sort,16777216,0.00301,67.177
radix_sort_tbb,16777216,0.03340,6.035
gpu_radix_sort_opt_2,16777216,0.05240,3.846
bitonic_sort,16777216,0.00587,34.331
thrust_sort,16777216,0.00264,76.465
radix_sort_tbb,16777216,0.03473,5.772
gpu_radix_sort_opt_2,16777216,0.05336,3.758
bitonic_sort,16777216,0.00588,34.086
thrust_sort,16777216,0.00299,67.167
radix_sort_tbb,16777216,0.03288,6.090
gpu_radix_sort_opt_2,16777216,0.05335,3.754
bitonic_sort,16777216,0.00588,34.036
thrust_sort,16777216,0.00299,66.981
radix_sort_tbb,16777216,0.03275,6.118
gpu_radix_sort_opt_2,16777216,0.05240,3.824
bitonic_sort,16777216,0.00587,34.130
thrust_sort,16777216,0.00262,76.335
radix_sort_tbb,16777216,0.03392,5.914
gpu_radix_sort_opt_2,16777216,0.05334,3.760
bitonic_sort,16777216,0.00588,34.093
thrust_sort,16777216,0.00298,67.234
radix_sort_tbb,16777216,0.03243,6.261
gpu_radix_sort_opt_2,16777216,0.05241,3.874
bitonic_sort,16777216,0.00587,34.579
thrust_sort,16777216,0.00263,77.082
radix_sort_tbb,16777216,0.03432,5.976
gpu_radix_sort_opt_2,16777216,0.05334,3.845
bitonic_sort,16777216,0.00589,34.842
thrust_sort,16777216,0.00303,67.695
radix_sort_tbb,16777216,0.03357,5.961
gpu_radix_sort_opt_2,16777216,0.05334,3.752
bitonic_sort,16777216,0.00589,33.985
thrust_sort,16777216,0.00274,73.087
radix_sort_tbb,16777216,0.03334,6.316
gpu_radix_sort_opt_2,16777216,0.05333,3.948
bitonic_sort,16777216,0.00588,35.792
thrust_sort,16777216,0.00300,70.187
radix_sort_tbb,16777216,0.03325,6.068
gpu_radix_sort_opt_2,16777216,0.05331,3.785
bitonic_sort,16777216,0.00588,34.298
thrust_sort,16777216,0.00302,66.901
radix_sort_tbb,16777216,0.03414,5.882
gpu_radix_sort_opt_2,16777216,0.05240,3.832
bitonic_sort,16777216,0.00587,34.197
thrust_sort,16777216,0.00263,76.268
radix_sort_tbb,16777216,0.03350,6.049
gpu_radix_sort_opt_2,16777216,0.05336,3.798
bitonic_sort,16777216,0.00588,34.467
thrust_sort,16777216,0.00298,68.051
radix_sort_tbb,16777216,0.03320,5.993
gpu_radix_sort_opt_2,16777216,0.05238,3.798
bitonic_sort,16777216,0.00587,33.887
thrust_sort,16777216,0.00265,75.188
radix_sort_tbb,16777216,0.03266,6.114
gpu_radix_sort_opt_2,16777216,0.05337,3.742
bitonic_sort,16777216,0.00588,33.933
thrust_sort,16777216,0.00298,67.053
radix_sort_tbb,16777216,0.03371,5.939
gpu_radix_sort_opt_2,16777216,0.05338,3.751
bitonic_sort,16777216,0.00587,34.092
thrust_sort,16777216,0.00263,76.200
radix_sort_tbb,16777216,0.03253,6.185
gpu_radix_sort_opt_2,16777216,0.05338,3.769
bitonic_sort,16777216,0.00589,34.165
thrust_sort,16777216,0.00296,67.945
radix_sort_tbb,16777216,0.03286,6.113
gpu_radix_sort_opt_2,16777216,0.05341,3.762
bitonic_sort,16777216,0.00589,34.119
thrust_sort,16777216,0.00303,66.258
radix_sort_tbb,16777216,0.03372,6.029
gpu_radix_sort_opt_2,16777216,0.05337,3.809
bitonic_sort,16777216,0.00589,34.513
thrust_sort,16777216,0.00303,67.045
radix_sort_tbb,16777216,0.03470,5.700
gpu_radix_sort_opt_2,16777216,0.05342,3.702
bitonic_sort,16777216,0.00589,33.600
thrust_sort,16777216,0.00308,64.130
radix_sort_tbb,16777216,0.03363,5.767
gpu_radix_sort_opt_2,16777216,0.05334,3.636
bitonic_sort,16777216,0.00589,32.925
thrust_sort,16777216,0.00301,64.357
radix_sort_tbb,16777216,0.03328,6.038
gpu_radix_sort_opt_2,16777216,0.05341,3.763
bitonic_sort,16777216,0.00588,34.160
thrust_sort,16777216,0.00302,66.563
radix_sort_tbb,16777216,0.03379,6.011
gpu_radix_sort_opt_2,16777216,0.05336,3.807
bitonic_sort,16777216,0.00588,34.527
thrust_sort,16777216,0.00261,77.796
radix_sort_tbb,16777216,0.03279,6.152
gpu_radix_sort_opt_2,16777216,0.05338,3.780
bitonic_sort,16777216,0.00588,34.289
thrust_sort,16777216,0.00301,66.963
radix_sort_tbb,16777216,0.03396,5.984
gpu_radix_sort_opt_2,16777216,0.05340,3.806
bitonic_sort,16777216,0.00587,34.624
thrust_sort,16777216,0.00265,76.575
radix_sort_tbb,16777216,0.03433,6.085
gpu_radix_sort_opt_2,16777216,0.05337,3.915
bitonic_sort,16777216,0.00588,35.503
thrust_sort,16777216,0.00300,69.687
radix_sort_tbb,16777216,0.03388,5.950
gpu_radix_sort_opt_2,16777216,0.05338,3.777
bitonic_sort,16777216,0.00589,34.258
thrust_sort,16777216,0.00299,67.337
radix_sort_tbb,16777216,0.03280,6.142
gpu_radix_sort_opt_2,16777216,0.05241,3.843
bitonic_sort,16777216,0.00587,34.310
thrust_sort,16777216,0.00264,76.356
radix_sort_tbb,16777216,0.03347,6.060
gpu_radix_sort_opt_2,16777216,0.05336,3.801
bitonic_sort,16777216,0.00588,34.489
thrust_sort,16777216,0.00302,67.231
radix_sort_tbb,16777216,0.03312,6.111
gpu_radix_sort_opt_2,16777216,0.05336,3.793
bitonic_sort,16777216,0.00588,34.398
thrust_sort,16777216,0.00301,67.278
radix_sort_tbb,16777216,0.03396,5.956
gpu_radix_sort_opt_2,16777216,0.05336,3.791
bitonic_sort,16777216,0.00588,34.382
thrust_sort,16777216,0.00299,67.637
radix_sort_tbb,16777216,0.03404,5.991
gpu_radix_sort_opt_2,16777216,0.05350,3.812
bitonic_sort,16777216,0.00588,34.669
thrust_sort,16777216,0.00299,68.328
radix_sort_tbb,16777216,0.03376,6.042
gpu_radix_sort_opt_2,16777216,0.05335,3.823
bitonic_sort,16777216,0.00588,34.663
thrust_sort,16777216,0.00263,77.637
radix_sort_tbb,16777216,0.03340,6.066
gpu_radix_sort_opt_2,16777216,0.05336,3.797
bitonic_sort,16777216,0.00588,34.437
thrust_sort,16777216,0.00298,67.957
radix_sort_tbb,16777216,0.03305,6.123
gpu_radix_sort_opt_2,16777216,0.05339,3.790
bitonic_sort,16777216,0.00589,34.368
thrust_sort,16777216,0.00299,67.678
radix_sort_tbb,16777216,0.03273,6.136
gpu_radix_sort_opt_2,16777216,0.05339,3.762
bitonic_sort,16777216,0.00588,34.144
thrust_sort,16777216,0.00304,66.140
radix_sort_tbb,16777216,0.03206,6.292
gpu_radix_sort_opt_2,16777216,0.05315,3.795
bitonic_sort,16777216,0.00588,34.293
thrust_sort,16777216,0.00301,67.125
radix_sort_tbb,16777216,0.03337,6.019
gpu_radix_sort_opt_2,16777216,0.05338,3.763
bitonic_sort,16777216,0.00589,34.119
thrust_sort,16777216,0.00299,67.176
radix_sort_tbb,16777216,0.03329,6.045
gpu_radix_sort_opt_2,16777216,0.05336,3.772
bitonic_sort,16777216,0.00588,34.223
thrust_sort,16777216,0.00301,66.977
radix_sort_tbb,16777216,0.03359,6.045
gpu_radix_sort_opt_2,16777216,0.05338,3.804
bitonic_sort,16777216,0.00589,34.460
thrust_sort,16777216,0.00261,77.777
radix_sort_tbb,16777216,0.03342,6.059
gpu_radix_sort_opt_2,16777216,0.05335,3.796
bitonic_sort,16777216,0.00588,34.416
thrust_sort,16777216,0.00301,67.185
radix_sort_tbb,16777216,0.03350,6.140
gpu_radix_sort_opt_2,16777216,0.05337,3.855
bitonic_sort,16777216,0.00588,34.961
thrust_sort,16777216,0.00302,68.050
radix_sort_tbb,16777216,0.03233,6.568
gpu_radix_sort_opt_2,16777216,0.05335,3.979
bitonic_sort,16777216,0.00588,36.097
thrust_sort,16777216,0.00298,71.175
radix_sort_tbb,16777216,0.03395,5.925
gpu_radix_sort_opt_2,16777216,0.05351,3.759
bitonic_sort,16777216,0.00588,34.193
thrust_sort,16777216,0.00301,66.898
radix_sort_tbb,16777216,0.03346,6.004
gpu_radix_sort_opt_2,16777216,0.05345,3.758
bitonic_sort,16777216,0.00589,34.126
thrust_sort,16777216,0.00261,77.060
radix_sort_tbb,16777216,0.03314,5.690
gpu_radix_sort_opt_2,16777216,0.05341,3.530
bitonic_sort,16777216,0.00588,32.052
thrust_sort,16777216,0.00302,62.501
radix_sort_tbb,16777216,0.03330,6.036
gpu_radix_sort_opt_2,16777216,0.05336,3.768
bitonic_sort,16777216,0.00588,34.173
thrust_sort,16777216,0.00264,76.240
radix_sort_tbb,16777216,0.03432,5.867
gpu_radix_sort_opt_2,16777216,0.05346,3.767
bitonic_sort,16777216,0.00588,34.238
thrust_sort,16777216,0.00299,67.416
radix_sort_tbb,16777216,0.03425,5.885
gpu_radix_sort_opt_2,16777216,0.05358,3.762
bitonic_sort,16777216,0.00588,34.251
thrust_sort,16777216,0.00299,67.343
radix_sort_tbb,16777216,0.03418,5.594
gpu_radix_sort_opt_2,16777216,0.05337,3.583
bitonic_sort,16777216,0.00589,32.478
thrust_sort,16777216,0.00299,63.879
radix_sort_tbb,16777216,0.03398,5.889
gpu_radix_sort_opt_2,16777216,0.05240,3.819
bitonic_sort,16777216,0.00588,34.054
thrust_sort,16777216,0.00265,75.666
radix_sort_tbb,16777216,0.03302,6.100
gpu_radix_sort_opt_2,16777216,0.05336,3.774
bitonic_sort,16777216,0.00588,34.239
thrust_sort,16777216,0.00298,67.517
radix_sort_tbb,16777216,0.03309,6.136
gpu_radix_sort_opt_2,16777216,0.05334,3.807
bitonic_sort,16777216,0.00588,34.510
thrust_sort,16777216,0.00301,67.395
radix_sort_tbb,16777216,0.03384,5.968
gpu_radix_sort_opt_2,16777216,0.05244,3.851
bitonic_sort,16777216,0.00587,34.380
thrust_sort,16777216,0.00266,76.034
radix_sort_tbb,16777216,0.03327,5.800
gpu_radix_sort_opt_2,16777216,0.05341,3.613
bitonic_sort,16777216,0.00588,32.799
thrust_sort,16777216,0.00304,63.466
radix_sort_tbb,16777216,0.03354,6.068
gpu_radix_sort_opt_2,16777216,0.05337,3.813
bitonic_sort,16777216,0.00588,34.599
thrust_sort,16777216,0.00298,68.314
radix_sort_tbb,16777216,0.03289,6.155
gpu_radix_sort_opt_2,16777216,0.05336,3.794
bitonic_sort,16777216,0.00588,34.405
thrust_sort,16777216,0.00298,68.024
radix_sort_tbb,16777216,0.03358,5.980
gpu_radix_sort_opt_2,16777216,0.05339,3.760
bitonic_sort,16777216,0.00589,34.116
thrust_sort,16777216,0.00262,76.751
radix_sort_tbb,16777216,0.03350,5.994
gpu_radix_sort_opt_2,16777216,0.05336,3.762
bitonic_sort,16777216,0.00588,34.134
thrust_sort,16777216,0.00300,67.036
radix_sort_tbb,16777216,0.03350,6.061
gpu_radix_sort_opt_2,16777216,0.05337,3.805
bitonic_sort,16777216,0.00588,34.517
thrust_sort,16777216,0.00299,67.888
radix_sort_tbb,16777216,0.03329,6.100
gpu_radix_sort_opt_2,16777216,0.05335,3.807
bitonic_sort,16777216,0.00588,34.513
thrust_sort,16777216,0.00300,67.691
radix_sort_tbb,16777216,0.03256,6.256
gpu_radix_sort_opt_2,16777216,0.05342,3.814
bitonic_sort,16777216,0.00589,34.613
thrust_sort,16777216,0.00312,65.361
radix_sort_tbb,16777216,0.03297,5.866
gpu_radix_sort_opt_2,16777216,0.05336,3.624
bitonic_sort,16777216,0.00588,32.867
thrust_sort,16777216,0.00298,64.875
radix_sort_tbb,16777216,0.03257,6.266
gpu_radix_sort_opt_2,16777216,0.05340,3.822
bitonic_sort,16777216,0.00589,34.641
thrust_sort,16777216,0.00297,68.638
